"","HYY_META.T336","Time","HYY_EDDY233.u_star","HYY_EDDY233.NEE","HYY_META.PAR2","HYY_META.diffPAR","HYY_META.RHTd","HYY_META.tsoil_A","HYY_META.tsoil_B2","DiffuseFract","VaporPressureDeficit"
"1",17.12116,2012-07-02 10:00:00,1.0071,-18.134,1382.56167,375.989,55.59167,11.682,9.802,0.27195097922829,867.426591673133
"2",17.7586,2012-07-02 14:00:00,1.0899,-15.958,1400.049,440.84267,45.75467,12.292,9.852,0.314876600747545,1103.09731750808
"3",17.51896,2012-07-02 15:00:00,1.0935,-12.681,1238.866,347.22933,43.05833,12.399,9.877,0.280279973782475,1140.56301273098
"4",14.36832,2012-07-11 10:00:00,0.49252,-6.469,347.38667,335.12067,96.089,13.322,11.8,0.964690642850516,64.0525390079349
"5",14.66538,2012-07-11 12:00:00,0.33361,-5.299,359.52733,344.07833,95.32133,13.429,11.76,0.957029692290708,78.1103714587127
"6",16.77473,2012-07-13 14:00:00,0.57024,-16.978,1315.807,485.37567,61.52357,13.509,11.782,0.368880595710465,735.232451215963
"7",14.2376,2012-07-14 10:00:00,0.44461,-5.744,337.88767,276.02167,84.61519,12.495,11.665,0.816903647297932,249.841993843602
"8",15.75363,2012-07-14 11:00:00,0.41198,-8.993,516.86667,432.84733,74.80267,12.59,11.634,0.837444848204277,451.14707299916
"9",13.81732,2012-07-14 12:00:00,0.41085,-7.28,511.89467,443.26867,81.20586,12.726,11.619,0.865937264007848,296.998001215537
"10",15.22835,2012-07-14 13:00:00,0.50097,-16.26,1730.73033,472.68533,70.59179,12.835,11.622,0.273113218048244,509.099032115625
"11",14.84237,2012-07-14 14:00:00,0.21922,-13.75,1152.52933,357.61067,91.38391,13.015,11.611,0.31028335738753,145.497274112172
"12",15.50507,2012-07-14 15:00:00,0.50064,-11.811,1168.47067,404.29333,81.5225,13.111,11.614,0.346002120874801,325.605394046078
"13",17.97827,2012-07-18 13:00:00,0.71773,-17.71,1549.56167,478.78867,51.52733,12.273,11.388,0.308983294611308,999.431688762061
"14",13.17062,2012-07-20 15:00:00,0.29954,-14.815,1217.04867,463.502,89.49292,12.442,11.383,0.380840973270198,159.189132278462
"15",11.62658,2012-07-21 14:00:00,0.38549,-8.877,779.737,614.95033,92.60733,11.878,11.245,0.788663780223332,101.194386799754
"16",12.85427,2012-07-21 15:00:00,0.27702,-9.724,480.56567,443.34067,88.57786,11.904,11.235,0.922539202602633,169.508946910164
"17",14.79045,2012-07-22 10:00:00,0.81414,-16.211,1419.179,250.35467,49.008,10.745,10.926,0.176408099330669,858.208613297987
"18",15.76381,2012-07-22 11:00:00,0.69638,-16.412,1639.372,510.31767,45.19667,11.016,10.916,0.311288511698382,981.868887630504
"19",16.18617,2012-07-22 12:00:00,0.62153,-19.799,1167.97567,580.06333,46.18367,11.215,10.894,0.496639908603576,990.556268872676
"20",16.70453,2012-07-22 13:00:00,0.86251,-19.794,1266.46233,750.61,43.521,11.466,10.924,0.592682452702719,1074.43681825349
"21",17.21692,2012-07-22 15:00:00,0.86755,-12.77,812.38867,532.38633,44.31067,11.872,10.946,0.655334508788755,1094.39046276369
"22",12.91748,2012-07-23 12:00:00,0.66853,-16.961,813.57667,748.50933,89.443,11.832,11.069,0.920023099974093,157.319669901178
"23",13.56584,2012-07-23 13:00:00,0.87558,-16.83,611.50933,593.25167,81.79133,11.908,11.065,0.970143284649475,283.076858102921
"24",13.3252,2012-07-23 14:00:00,0.60712,-5.378,264.42733,256.97467,84.92,11.993,11.067,0.971815848233237,230.78918984946
"25",13.19956,2012-07-23 15:00:00,0.61813,-5.547,331.179,322.91033,87.854,12.079,11.075,0.975032625860939,184.368018882203
"26",12.01049,2012-08-24 10:00:00,0.37064,-12.928,710.71867,517.19733,74.71933,11.898,11.755,0.727710347049136,354.939064914001
"27",12.94085,2012-08-24 11:00:00,0.37326,-15.363,963.963,356.86967,69.20633,11.939,11.741,0.370210962453953,459.587539630079
"28",13.81721,2012-08-24 12:00:00,0.35476,-10.42,1319.83767,258.831,63.647,12.029,11.72,0.196108207761641,574.471146599654
"29",14.62991,2012-08-24 13:00:00,0.39147,-10.289,1284.57067,288.651,58.33867,12.154,11.692,0.224706204758669,693.944752194435
"30",14.97193,2012-08-24 14:00:00,0.41831,-14.832,641.50667,477.688,60.715,12.27,11.675,0.744634502397302,668.954494359925
"31",11.78675,2012-08-28 10:00:00,0.41292,-10.657,784.54967,527.37667,96.20733,12.304,11.912,0.672203035914858,52.4683957372747
"32",11.85311,2012-08-28 11:00:00,0.34792,-2.073,210.57567,204.74033,95.08033,12.328,11.889,0.972288631445409,68.3583877290853
"33",12.7795,2012-08-28 13:00:00,0.41117,-5.464,349.33733,339.80233,89.64967,12.41,11.87,0.972705464944156,152.852345417624
"34",12.20679,2012-08-29 12:00:00,0.25782,0.866,110.278,105.34267,97.07433,12.364,11.782,0.955246468017193,41.6109026855568
"35",12.17281,2012-08-29 13:00:00,0.3624,-3.857,292.97867,284.92367,97.404,12.377,11.791,0.972506530936194,36.8395974945163
"36",12.59617,2012-08-29 14:00:00,0.30486,-1.181,340.26533,328.29567,97.22733,12.404,11.783,0.964822569493048,40.4571136067975
"37",13.14853,2012-08-29 15:00:00,0.43358,-11.953,708.05233,510.76733,92.095,12.439,11.776,0.721369464316289,119.593203705752
"103",18.11582,2013-08-01 14:00:00,0.17596,-10.559,952.76933,712.688,59.825,14.285,12.408,0.748017361138189,835.539030631374
"104",19.15785,2013-08-01 15:00:00,0.40772,-17.482,1148.487,598.81533,53.98333,14.35,12.379,0.521394957017363,1021.50233960202
"136",19.36567,2015-07-02 10:00:00,0.55585,-9.661,1416.96533,254.63667,43.569,11.2415,9.596,0.179705646008996,1268.99867615931
"140",16.759,2015-07-09 15:00:00,0.37345,-4.466,489.889,354.881,69.623,12.81,10.221,0.72441104005193,579.883913728351
"141",14.492,2015-07-10 10:00:00,0.52694,-14.049,1121.399,637.089,63.23517,12.1675,10.395,0.568119821758357,606.952751311111
"142",15.565,2015-07-10 11:00:00,0.47057,-15.479,1501.52967,440.82867,54,12.2465,10.382,0.293586386474801,813.719606850224
"145",17.73567,2015-07-10 15:00:00,0.38682,-15.26,1378.02067,354.178,40.264,12.7475,10.352,0.257019366770456,1212.9983812755
"146",10.97267,2015-07-12 10:00:00,0.53349,-10.303,425.35167,413.392,85.89759,11.734,10.459,0.97188286577081,184.848795348674
"147",12.101,2015-07-12 11:00:00,0.59432,-19.602,998.117,626.92367,70.00966,11.725,10.432,0.628106394340543,423.58190631068
"148",12.17267,2015-07-12 12:00:00,0.57419,-6.389,317.00033,316.386,68.47833,11.749,10.404,0.998062052490608,447.316999219599
"149",12.75,2015-07-12 13:00:00,0.58442,-16.187,662.58267,661.48233,64.98967,11.8025,10.389,0.998339316662176,516.029438498424
"150",13.05333,2015-07-12 14:00:00,0.65169,-10.677,602.12133,567.01233,60.41067,11.8275,10.379,0.941691153841037,595.224009415765
"151",12.58167,2015-07-13 10:00:00,0.54183,-12.133,738.75367,611.133,62.18967,11.1425,10.205,0.827248682229897,551.180564912551
"152",14.548,2015-07-19 11:00:00,0.79419,-16.845,1371.12867,457.19067,77.54276,12.1355,10.449,0.333441113152422,372.092098042378
"153",13.49,2015-07-19 12:00:00,0.50068,-15.81,963.03714,793.948,85.51933,12.285,10.448,0.824420956392191,224.010995135556
"154",12.411,2015-07-19 13:00:00,0.43953,-7.227,455.33,433.71667,92.64933,12.4065,10.446,0.952532602727692,105.960074184943
"155",12.956,2015-07-19 14:00:00,0.53225,-6.185,363.584,323.37667,93.681,12.459,10.45,0.889413918104207,94.4029835447845
"156",12.51533,2015-07-19 15:00:00,0.44401,2.157,146.29233,145.44033,93.848,12.4975,10.462,0.994176044636106,89.2911256674568
"157",15.401,2015-07-20 10:00:00,0.41252,-12.235,908.40267,384.49467,67.68933,11.5055,10.393,0.423264574948905,565.581180295767
"158",16.36833,2015-07-21 10:00:00,0.79922,-13.506,1342.62167,234.76133,46.13367,11.5015,10.427,0.174852927854203,1003.05444627468
"159",17.94567,2015-07-21 12:00:00,0.80443,-13.597,1523.23633,216.962,44.70267,11.7845,10.354,0.142434890585888,1137.8103085699
"160",19.23367,2015-07-21 14:00:00,0.87904,-11.904,1469.75167,265.34533,42.20233,12.16,10.343,0.180537525771275,1289.09718712615
"161",19.393,2015-07-21 15:00:00,0.80212,-7.922,1237.801,297.174,40.54633,12.3055,10.322,0.240082210306826,1339.24609825585
"162",12.55567,2015-07-22 11:00:00,0.29919,-3.498,259.741,258.15233,96.82367,12.1225,10.55,0.993883637931632,46.2240360820483
"163",14.943,2015-07-22 15:00:00,0.24043,-10.168,610.70733,527.27767,79.83828,12.26,10.527,0.863388474475982,342.67958858497
"164",14.66333,2015-07-23 10:00:00,0.37493,-12.087,851.27133,707.86367,71.60345,12.084,10.589,0.831537072909527,474.017523464208
"165",15.06167,2015-07-23 11:00:00,0.43145,-11.5,533.03267,527.49467,71.367,12.1475,10.575,0.989610392923946,490.394379191324
"166",15.73633,2015-07-24 13:00:00,0.88367,-16.525,1362.777,432.062,74.065,12.47,10.645,0.317045268594935,463.840862423119
"167",15.491,2015-07-24 15:00:00,0.79057,-12.957,1039.13333,529.07267,83.66567,12.7565,10.645,0.509148012796395,287.57945354872
"168",18.377,2015-07-25 12:00:00,0.57379,-10.398,1374.41833,240.96433,43.488,12.1755,10.613,0.175320951954999,1194.73011396735
"169",14.342,2015-07-27 10:00:00,0.5877,-13.024,657.96533,534.633,83.882,12.651,10.91,0.812554971551465,263.523892652099
"170",15.06933,2015-07-27 11:00:00,0.84001,-16.631,849.83233,664.83367,75.32267,12.67,10.886,0.78231157668478,422.85440879382
"171",15.23533,2015-07-27 12:00:00,0.9025,-3.995,285.691,282.951,73.28933,12.7505,10.873,0.990409218351296,462.608135518738
"172",14.537,2015-07-27 13:00:00,0.67639,-9.71,386.92833,381.28633,80.72103,12.836,10.893,0.985418488224938,319.204653485237
"173",15.43967,2015-07-27 14:00:00,0.70176,-6.887,416.49667,357.86333,73.89267,12.8605,10.889,0.859222547925773,458.130357966545
"174",14.33833,2015-07-27 15:00:00,0.7031,0.431,152.09833,151.56533,81.91633,12.898,10.894,0.996495688019717,295.591721056433
"175",14.397,2015-07-28 10:00:00,0.43658,-13.802,867.695,463.775,69.75367,12.2075,10.911,0.534490806101222,496.280323176166
"176",16.24233,2015-07-28 12:00:00,0.3612,-21.563,1523.03267,656.185,57.75464,12.3675,10.862,0.430841053462103,780.367773077116
"177",15.99267,2015-07-28 13:00:00,0.26374,-10.715,667.9331,643.52267,61.90233,12.4875,10.848,0.963453780026772,692.627316968775
"178",16.42967,2015-07-28 14:00:00,0.28091,-11.452,776.992,653.59233,60.33033,12.604,10.846,0.841182830711256,741.586681943282
"179",16.78333,2015-07-28 15:00:00,0.24976,-8.745,537.212,490.97067,57.14167,12.6885,10.836,0.913923497613605,819.411857581933
"180",15.03833,2015-07-30 14:00:00,0.43971,-10.2,1041.67267,397.03433,88.95321,12.6985,10.802,0.381150760151939,188.913240059678
"181",16.485,2015-07-30 15:00:00,0.58079,-15.068,1283.70667,247.051,65.60433,12.8265,10.828,0.192451286398629,645.262499069705
"182",13.88867,2015-08-01 10:00:00,0.65858,-9.535,464.639,459.86667,86.03633,12.0315,10.916,0.989728950862928,221.688858673891
"183",14.36267,2015-08-01 14:00:00,0.74421,-7.808,451.96467,448.66567,94.29167,12.453,10.872,0.992700756897657,93.4542018950724
"184",16.44033,2015-08-04 10:00:00,0.653,-13.962,1341.74033,253.19345,55.73536,11.9515,10.848,0.188705254167921,828.046954552367
"185",17.26967,2015-08-04 11:00:00,0.60334,-12.435,1375.759,299.16966,54.22167,12.0395,10.818,0.217457897785877,902.628972663217
"186",17.64167,2015-08-04 12:00:00,0.52111,-10.031,976.44433,395.00633,52.66767,12.2,10.807,0.404535433166989,955.451934508082
"191",14.83633,2015-08-13 10:00:00,0.85463,-14.946,1160.43767,346.60667,58.326,13.1905,11.919,0.298686158645643,703.46213015312
"192",15.07233,2015-08-13 11:00:00,0.9061,-16.37,1000.17633,307.061,56.028,13.255,11.899,0.30700686547941,753.620575244713
"193",15.50533,2015-08-13 12:00:00,0.77519,-12.357,1108.45267,345.00367,51.49633,13.3425,11.874,0.311247994016741,854.732506525152
"194",15.66733,2015-08-13 13:00:00,0.78695,-12.914,1059.29167,315.65667,49.03067,13.384,11.856,0.297988437877549,907.555335843658
"195",15.53867,2015-08-13 14:00:00,0.69659,-9.89,688.74567,295.699,49.788,13.428,11.829,0.429329740831619,886.73017498713
"196",15.65233,2015-08-13 15:00:00,0.7837,-8.815,757.23033,270.36767,46.51867,13.454,11.822,0.357048125634376,951.369383830867
"197",15.95967,2015-08-14 10:00:00,0.74191,-14.414,1222.01867,265.542,62.006,12.1775,11.515,0.217297825736165,689.287863175995
"198",16.465,2015-08-14 11:00:00,0.73355,-13.681,632.73233,517.554,59.94167,12.344,11.478,0.817966738004363,750.538146219816
"199",17.11033,2015-08-14 12:00:00,0.72599,-11.389,785.60833,499.501,58.08667,12.5315,11.458,0.635814286745152,818.130650803592
"200",15.86233,2015-08-15 10:00:00,0.74505,-21.663,1450.92633,444.50433,54.905,12.1075,11.404,0.30635899343008,813.039994269957
"201",16.20533,2015-08-15 11:00:00,0.83942,-13.928,1317.13467,162.38767,51.13733,12.2665,11.371,0.123288585213538,900.477658940854
"202",16.85867,2015-08-15 12:00:00,0.57998,-14.522,1376.6,167.72533,49.899,12.4625,11.338,0.121840280400988,962.475829139914
"203",17.11033,2015-08-15 13:00:00,0.67341,-10.882,1339.26933,168.29833,47.863,12.595,11.325,0.12566429039333,1017.69240814192
"204",17.569,2015-08-15 14:00:00,0.61712,-11.497,1291.82467,158.39867,45.854,12.786,11.315,0.122616229337066,1087.99473969432
"205",18.07633,2015-08-15 15:00:00,0.57859,-12.377,1133.06133,164.81067,46.43167,12.9025,11.309,0.145456089301009,1111.3258712827
"206",15.42,2015-08-16 10:00:00,0.65092,-12.341,1196.868,175.49167,45.41533,11.809,11.289,0.146625751544865,956.641449371368
"207",16.32067,2015-08-16 11:00:00,0.68159,-12.717,1302.84367,164.76767,41.52533,11.9125,11.235,0.126467721181007,1085.56643677447
"208",17.119,2015-08-16 12:00:00,0.54801,-15.857,1364.68433,176.32,41.294,12.084,11.206,0.1292020404455,1146.54574956403
"209",18.463,2015-08-16 13:00:00,0.58958,-12.454,1333.03967,174.781,34.05867,12.225,11.179,0.131114627668958,1401.61108300938
"210",19.27167,2015-08-16 14:00:00,0.64473,-8.905,1282.79103,162.09567,30.08667,12.45,11.172,0.126361711462856,1563.01401626747
"211",19.586,2015-08-16 15:00:00,0.76391,-10.428,1128.51933,163.86667,27.96967,12.604,11.171,0.14520501833141,1642.12570888381
"212",16.65233,2015-08-17 10:00:00,0.58593,-11.335,1190.35467,179.199,44.345,11.4955,11.114,0.150542526959633,1055.25586916788
"213",17.46067,2015-08-17 11:00:00,0.57911,-11.72,1284.04333,171.49633,38.82667,11.653,11.075,0.133559612820854,1220.82412944402
"214",18.41133,2015-08-17 12:00:00,0.60088,-14.385,1360.433,176.42467,38.12533,11.8825,11.045,0.129682733365039,1310.92120130287
"215",19.09133,2015-08-17 13:00:00,0.54893,-12.142,1327.488,181.99567,35.68833,12.083,11.029,0.137097789207887,1421.71781810403
"216",19.638,2015-08-17 14:00:00,0.67622,-11.811,1257.28867,166.82067,29.56667,12.325,11.011,0.132682870672811,1610.91050811424
"217",20.142,2015-08-17 15:00:00,0.47609,-8.325,1116.07933,172.51233,31.29667,12.4965,11.013,0.154569953374192,1621.1834102924
"218",14.877,2015-08-28 12:00:00,0.29116,-4.818,288.244,286.99533,96.522,13.7955,11.863,0.995668010435603,58.8631564174825
"219",14.93567,2015-08-28 13:00:00,0.4545,-5.767,347.53633,346.795,93.88867,13.8425,11.866,0.997866899267769,103.822467530164
"220",14.68533,2015-08-28 14:00:00,0.4129,-4.829,292.56233,291.86533,95.119,13.901,11.876,0.99761760169192,81.5932703172723
"221",15.461,2015-08-29 10:00:00,1.00783,-13.482,1006.079,280.336,64.96233,12.7125,11.766,0.27864213446459,615.68149079568
"222",16.08667,2015-08-29 11:00:00,0.83143,-10.128,687.223,353.545,60.76833,12.7975,11.722,0.514454551142788,717.537700632967
"223",16.718,2015-08-29 12:00:00,0.80486,-8.943,797.13033,265.16967,58.50167,12.9465,11.713,0.332655351352645,790.125484161018
"224",17.71433,2015-08-29 13:00:00,0.92769,-13.083,971.79233,301.57833,52.251,13.019,11.687,0.310332074755107,968.287613882733
"225",18.05067,2015-08-29 14:00:00,0.90676,-8.989,973.69367,247.57,49.349,13.116,11.657,0.254258610924317,1049.10992133747
"226",18.65567,2015-08-29 15:00:00,0.95742,-8.508,948.04367,255.71267,46.40733,13.19,11.649,0.269726678307973,1152.95793418002
"227",16.24633,2015-08-30 10:00:00,0.52477,-14.051,1129.90967,252.53667,64.28067,12.0465,11.495,0.223501645047431,659.985448647678
"228",16.61433,2015-08-30 12:00:00,0.39734,-3.765,345.44633,220.18667,59.02233,12.4465,11.426,0.637397624111392,775.089738717477
"229",17.142,2015-08-30 13:00:00,0.4086,-11.782,1136.98733,351.43567,55.26966,12.5965,11.414,0.309093743375311,874.869864048927
"230",14.35933,2015-08-30 14:00:00,0.61879,6.425,71.046,70.78,80.48609,12.7025,11.406,0.996255946851336,319.40388693687
"231",12.26467,2015-08-30 15:00:00,0.15569,1.483,62.81233,62.09,86.59033,12.8485,11.452,0.988500187781603,191.449518067772
"232",17.99567,2015-08-31 15:00:00,0.32371,-9.397,984.677,227.23833,52.99333,12.603,11.159,0.230774487471526,970.266078656276
"233",12.463,2016-08-13 10:00:00,0.751,0.422,123.19433,122.303,98.75167,11.774,11.36,0.99276484558989,18.0562957805894
"234",13.19333,2016-08-13 11:00:00,0.865,-2.138,189.985,188.52833,98.614,11.8415,11.344,0.992332710477143,21.0299787211177
"235",13.698,2016-08-13 12:00:00,0.734,-3.997,344.91433,343.866,98.47233,11.919,11.322,0.996960607580439,23.9547317067361
"236",14.10867,2016-08-13 13:00:00,0.805,-1.445,184.90967,184.72333,98.50233,12.03,11.312,0.998992264709574,24.1190822959097
"237",14.71033,2016-08-13 14:00:00,0.59,-4.413,368.69567,366.43467,97.972,12.154,11.308,0.993867571051214,33.9558154912793
"238",15.03033,2016-08-13 15:00:00,0.667,-3.818,319.40533,317.41133,96.31067,12.2785,11.297,0.993757148636186,63.0594504122787
"240",12.95867,2016-08-15 11:00:00,0.373,-4.727,400.87533,393.006,95.23033,12.6015,11.525,0.980369632623689,71.2691492416252
"241",13.81367,2016-08-15 12:00:00,0.38,-10.741,1022.16933,555.45133,85.20333,12.674,11.522,0.543404418130996,233.771755057754
"242",15.00533,2016-08-15 13:00:00,0.408,-14.754,1295.40967,433.24167,69.08867,12.754,11.512,0.334443751682045,527.498785396949
"243",16.27033,2016-08-15 14:00:00,0.34,-7.35,1229.31167,205.21567,62.12862,12.865,11.503,0.166935428181529,700.820161538782
"244",16.90133,2016-08-15 15:00:00,0.363,-9.661,1089.69467,247.31567,62.674,12.974,11.509,0.226958685592176,719.001987853873
"245",13.39233,2016-08-16 10:00:00,0.893,-0.609,137.78733,136.378,92.53733,12.961,11.713,0.989771701070048,114.712299394957
"246",13.57167,2016-08-16 11:00:00,0.889,-1.044,149.506,148.52367,90.39467,12.969,11.711,0.99342949446845,149.383731862898
"247",13.227,2016-08-16 12:00:00,0.832,-2.594,249.24033,248.283,92.66233,12.9715,11.71,0.996159008455815,111.580601621971
"248",12.77067,2016-08-16 13:00:00,0.821,-2.504,220.00233,219.037,93.64967,12.991,11.71,0.995612182834609,93.7266088031274
"249",12.627,2016-08-16 14:00:00,0.889,-0.419,188.09,186.58667,93.10867,12.985,11.701,0.992007390079217,100.757718782724
"250",12.42667,2016-08-16 15:00:00,0.686,-1.308,157.83,156.521,95.076,12.993,11.713,0.991706266235823,71.0527043048728
"251",14.14833,2016-08-17 10:00:00,0.79,-9.827,587.557,411.30133,81.19033,12.569,11.587,0.700019453431752,303.698345789801
"252",14.574,2016-08-17 11:00:00,0.997,-13.451,707.638,392.25067,73.95667,12.654,11.583,0.554309788338105,432.235150431316
"253",15.67267,2016-08-17 12:00:00,0.849,-14.288,1217.381,447.887,68.13138,12.7405,11.575,0.367910292669263,567.643886595207
"254",12.852,2016-08-18 12:00:00,0.581,-4.494,297.11767,295.03133,98.34433,12.769,11.63,0.992978068251545,24.5671265385331
"255",13.963,2016-08-18 13:00:00,0.612,-9.998,580.89893,502.35692,97.27767,12.79,11.62,0.864792297000788,43.4291320562247
"256",16.003,2016-08-21 10:00:00,0.374,-14.279,891.305,622.578,74.70167,13.0125,11.941,0.698501635242706,460.234966408763
"257",17.50967,2016-08-24 12:00:00,0.295,-12.648,1333.85933,212.32033,54.66448,13.6225,12.205,0.159177452392975,907.555171479673
"258",18.00167,2016-08-24 13:00:00,0.567,-11.145,1277.967,198.08433,48.73567,13.7015,12.188,0.154999565716486,1058.54784143144
"259",18.311,2016-08-24 14:00:00,0.568,-9.902,1164.90967,177.578,46.48033,13.78,12.187,0.152439287417024,1126.79561961722
"260",18.39867,2016-08-24 15:00:00,0.614,-8.717,1028.72767,173.31867,44.70767,13.8375,12.181,0.168478670355975,1170.53383436827
"261",17.06233,2016-08-26 10:00:00,0.44,-14.809,1089.68667,382.77,59.48621,12.8665,11.994,0.351266112120101,788.411961883889
"262",17.07733,2016-08-26 11:00:00,0.298,-10.404,711.22633,533.36767,62.82933,12.975,11.979,0.749926777879554,724.041278312726
"263",17.512,2016-08-26 12:00:00,0.325,-12.453,929.54733,536.86967,59.56733,13.1005,11.958,0.577560337890487,809.525857328757
"264",18.15367,2016-08-26 13:00:00,0.26,-10.558,768.487,574.383,56.66567,13.2375,11.946,0.74742058095973,903.390292812886
"265",16.21133,2016-08-27 10:00:00,1.097,-10.613,811.06833,262.271,65.441,13.663,12.098,0.323364863722394,637.122702898988
"270",11.42767,2016-08-30 11:00:00,0.37,-7.832,456.756,450.65567,82.356,11.864,11.411,0.986644225801084,238.360487031523
"271",13.95,2016-08-30 13:00:00,0.43,-10.842,850.688,348.283,63.15333,11.954,11.364,0.409413321922961,587.316386279203
"272",14.58467,2016-08-30 14:00:00,0.391,-9.923,691.14733,237.92633,63.52667,12.041,11.352,0.344248352952474,605.756825454032
"273",14.116,2016-08-31 10:00:00,0.373,-12.246,1051.71533,158.31933,67.00167,11.4405,11.287,0.150534394131157,531.671043800447
"274",15.698,2016-08-31 11:00:00,0.612,-12.46,1169.35133,160.033,57.094,11.515,11.248,0.136856217540711,765.482267937547
"275",16.18733,2016-08-31 12:00:00,0.683,-12.526,1251.886,201.46433,58.51033,11.644,11.227,0.160928654845569,763.725311742478
"276",17.547,2016-08-31 15:00:00,0.609,-8.034,529.25033,423.62467,54.643,12.1015,11.183,0.800424007293486,910.126794936298
"277",11.87767,2017-07-05 10:00:00,0.87926,-15.953,832.23658,625.00421,63.873,10.319,8.831,0.750993437467024,502.796014478755
"278",11.87733,2017-07-05 11:00:00,0.6971,-12.74,789.89813,594.10656,64.29667,10.34,8.823,0.752130607018908,496.888453905126
"279",12.77833,2017-07-05 12:00:00,0.94408,-18.703,1297.35379,592.45259,59.70267,10.3465,8.79,0.45666231876503,595.060174374305
"280",12.20833,2017-07-05 13:00:00,0.88549,-11.455,583.7745,547.29695,63.21533,10.3935,8.784,0.937514314174394,523.230065247711
"281",12.507,2017-07-05 14:00:00,0.94152,-19.387,1410.60394,607.72935,61.71167,10.4515,8.784,0.430829187957606,555.419116616386
"282",11.08967,2017-07-05 15:00:00,0.92931,-11.611,630.83588,628.44919,69.13467,10.479,8.764,0.996216622935271,407.728391504013
"283",9.27733,2017-07-06 10:00:00,0.73316,-8.6,387.58839,384.01428,67.91167,9.4915,8.622,0.990778593755092,375.47541163913
"284",9.87933,2017-07-06 11:00:00,0.84216,-18.724,749.30127,681.18799,63.909,9.491,8.585,0.90909760502608,439.75700319736
"285",9.05933,2017-07-06 12:00:00,0.83085,-6.983,436.09029,434.33126,70.86967,9.5185,8.56,0.995966362837384,335.886553135271
"286",8.782,2017-07-06 13:00:00,0.74257,-12.88,497.11977,494.25839,73.25567,9.555,8.559,0.994244083271925,302.647505754656
"287",8.481,2017-07-06 14:00:00,0.8329,-10.126,475.12756,473.04265,75.12828,9.565,8.544,0.995611894203738,275.774219790292
"288",7.664,2017-07-06 15:00:00,0.68322,-4.271,261.73729,260.95744,83.48633,9.562,8.542,0.99702048569388,173.196793869534
"289",14.381,2017-07-07 10:00:00,0.34347,-15.571,1448.9635,260.52969,60.799,8.878,8.239,0.179804177261884,642.542677289729
"290",15.51133,2017-07-07 11:00:00,0.53312,-12.507,1298.35813,248.99098,52.90519,9.0075,8.196,0.191773728870939,830.224904226536
"291",15.848,2017-07-07 12:00:00,0.49377,-15.283,952.70989,504.02906,49.727,9.2205,8.174,0.529047788094233,905.566511206979
"292",16.56833,2017-07-07 13:00:00,0.49215,-14.795,1202.77944,397.45618,42.31933,9.4015,8.148,0.330448099445398,1087.83975809856
"293",12.03733,2017-07-14 10:00:00,0.68112,-16.041,870.36151,711.78696,68.29724,11.118,9.691,0.817806109095978,445.893116447804
"294",12.42867,2017-07-14 11:00:00,0.85129,-20.232,1255.28138,553.60747,67.024,11.1415,9.686,0.441022609608055,475.90209927757
"295",12.36233,2017-07-14 12:00:00,0.76913,-14.437,980.62144,788.28152,69.272,11.1665,9.651,0.80385915282456,441.529946874102
"296",12.57067,2017-07-14 13:00:00,0.96515,-15.39,680.15177,550.25956,67.439,11.206,9.632,0.809024668126645,474.31581386485
"297",12.44567,2017-07-14 14:00:00,0.79669,-9.142,445.93023,443.32282,68.966,11.2475,9.621,0.994152874542728,448.37617787573
"298",12.672,2017-07-14 15:00:00,0.65583,-8.048,538.19373,527.41404,67.05767,11.281,9.613,0.979970613927442,483.071677778368
"299",14.83267,2017-07-15 10:00:00,0.81008,-14.919,1376.28617,212.66197,50.683,10.2475,9.385,0.154518714665279,832.28049530871
"300",15.56633,2017-07-15 11:00:00,0.78185,-17.674,1480.8722,187.68594,48.60133,10.3075,9.337,0.126740133280914,909.297194261169
"301",16.33867,2017-07-15 12:00:00,0.69747,-16.177,1534.52938,270.15856,47.144,10.441,9.311,0.176053038489234,982.383233546874
"302",17.10733,2017-07-15 13:00:00,0.68936,-12.657,1564.8031,249.42527,44.278,10.593,9.291,0.159397223842412,1087.46351999363
"303",17.51633,2017-07-15 14:00:00,0.52783,-11.729,1345.61765,264.19093,42.21733,10.7565,9.274,0.196334322755056,1157.21645377473
"304",18.02333,2017-07-15 15:00:00,0.5448,-11.777,1377.1103,242.06381,40.15933,10.91,9.27,0.175776631690287,1237.32293365152
"305",17.85067,2017-07-16 10:00:00,0.30309,-9.448,1388.19757,190.11258,46.55867,10.386,9.288,0.136949224021477,1093.06687043167
"306",15.296,2017-07-18 10:00:00,0.82926,-18.623,1106.69044,469.32286,59.512,10.932,9.562,0.424077811677853,703.959356515321
"307",14.831,2017-07-18 11:00:00,0.82634,-7.268,575.31435,243.39561,58.14267,11.02,9.543,0.423065425015037,706.314030020925
"308",16.164,2017-07-18 12:00:00,0.95429,-15.942,1263.91431,321.85803,49.89,11.094,9.532,0.254651780942333,921.033300741272
"309",16.577,2017-07-18 14:00:00,1.15203,-19.06,1573.05127,320.93501,46.48333,11.2785,9.507,0.204020692853832,1009.86456547591
"310",16.527,2017-07-18 15:00:00,1.03529,-14.649,1440.01024,458.58407,47.96267,11.4075,9.508,0.318458895125635,978.831844562692
"311",10.18033,2017-07-19 10:00:00,0.77799,-11.448,592.70286,576.19617,92.54,10.6525,9.555,0.972150142821987,92.7492348702656
"312",10.81567,2017-07-19 11:00:00,0.58836,-9.159,417.25395,408.6648,88.52,10.6625,9.525,0.97941505406959,148.911757423921
"313",10.97433,2017-07-19 12:00:00,0.53793,-3.383,230.69129,229.03053,86.89333,10.703,9.509,0.992800941899454,171.815992164718
"314",10.90067,2017-07-19 13:00:00,0.73825,-3.603,235.79886,235.15198,87.535,10.7335,9.496,0.997256644921863,162.605785475168
"315",11.30367,2017-07-19 14:00:00,0.70739,-5.452,292.34909,291.08238,85.80433,10.7465,9.484,0.995667132057774,190.205890706869
"316",12.55667,2017-07-19 15:00:00,0.69458,-13.395,999.77155,566.94872,79.90633,10.7465,9.466,0.56707826903056,292.435452874769
"317",11.86267,2017-07-20 10:00:00,0.43963,-12.065,702.07805,645.99837,80.71033,10.484,9.359,0.920123296832881,268.197496960205
"318",12.736,2017-07-20 11:00:00,0.3954,-11.673,467.94951,447.22568,73.05867,10.514,9.325,0.955713534137476,396.733399984061
"319",12.628,2017-07-20 12:00:00,0.35197,-9.181,416.81386,411.9745,74.46833,10.5935,9.32,0.98838963752309,373.321493947814
"320",12.91467,2017-07-20 13:00:00,0.33099,-12.203,448.76812,443.34645,74.15,10.65,9.315,0.987918771948417,385.144029746079
"321",13.435,2017-07-20 14:00:00,0.38913,-17.704,758.85895,695.68087,69.66867,10.6875,9.298,0.91674595127329,467.536377906214
"322",13.28,2017-07-20 15:00:00,0.35231,-11.637,622.24487,574.4719,72.57467,10.7525,9.291,0.923224806979927,418.489923177704
"323",13.03667,2017-07-21 10:00:00,0.42374,-15.685,650.16768,639.5907,76.816,10.608,9.326,0.983731919741073,348.190996428734
"324",13.77167,2017-07-21 11:00:00,0.47922,-22.283,933.18419,791.06333,74.401,10.6825,9.314,0.847703313533419,403.334528032139
"325",14.473,2017-07-21 12:00:00,0.41804,-21.054,1353.00037,731.1074,70.724,10.76,9.297,0.540360088741143,482.725933888336
"326",13.46533,2017-07-21 14:00:00,0.36846,-11.368,896.78033,715.55957,82.97143,10.964,9.302,0.797920679192417,263.002986630978
"327",13.194,2017-07-21 15:00:00,0.30451,-14.132,509.84219,458.22608,86.022,11.061,9.31,0.89876061453447,212.099499444307
"328",13.87033,2017-07-25 11:00:00,0.28637,-1.539,181.68294,181.3802,85.46967,11.489,9.698,0.998333690549041,230.410567534611
"329",14.04667,2017-07-25 12:00:00,0.44717,-10.528,429.74924,428.84095,84.23933,11.5255,9.699,0.997886465139531,252.797659907969
"330",13.55167,2017-07-25 13:00:00,0.42264,-12.02,547.97337,546.8009,92.785,11.556,9.693,0.99786035222843,112.062863519686
"331",13.96733,2017-07-25 14:00:00,0.4796,-3.763,365.76575,364.74072,90.562,11.5965,9.699,0.997197577958024,150.606050841646
"332",13.402,2017-07-25 15:00:00,0.55004,0.613,290.7327,290.01447,95.58767,11.655,9.707,0.997529586455187,67.8668320102606
"333",15.21967,2017-07-26 10:00:00,0.73844,-23.012,1151.23593,564.67573,76.84067,11.52,9.766,0.490495228028542,400.698214813095
"334",15.50733,2017-07-26 11:00:00,0.45409,-11.034,531.09603,529.61012,73.159,11.59,9.742,0.997202182061124,473.053226744419
"335",15.83267,2017-07-26 12:00:00,0.34987,-10.603,476.34018,475.41493,68.822,11.706,9.74,0.998057585652338,561.058331176429
"336",16.215,2017-07-26 13:00:00,0.51109,-14.127,699.5394,679.70231,69.59867,11.8015,9.74,0.971642640857684,560.60392128606
"337",16.973,2017-07-26 14:00:00,0.46327,-21.108,921.91963,832.813,66.13367,11.909,9.748,0.903346639880095,655.33031697479
"338",17.17433,2017-07-26 15:00:00,0.31254,-10.288,634.52065,596.20688,68.34733,12.025,9.751,0.939617772880993,620.355006583822
"339",19.16267,2017-08-01 12:00:00,1.0024,-13.619,1010.53428,409.21832,57.45667,12.6655,10.582,0.404952437635268,944.682977086984
"340",20.04533,2017-08-01 15:00:00,0.71504,-7.676,662.99366,373.9163,52.52667,13.074,10.558,0.563981712886968,1113.54319650006
"341",16.06933,2017-08-03 11:00:00,0.8332,-11.445,646.1399,440.47995,70.066,12.3125,10.656,0.681709874285739,546.879911404307
"342",16.303,2017-08-03 12:00:00,0.56981,-13.033,1192.09346,370.68305,73.485,12.4475,10.656,0.310951332624541,491.689915405655
"343",15.87367,2017-08-05 14:00:00,0.23204,-11.658,722.655,542.48923,87.72586,12.9225,10.744,0.750689097840602,221.457038949977
"344",17.649,2017-08-05 15:00:00,0.46707,-20.169,1133.60511,509.32094,69.54633,13.008,10.759,0.449293087607906,615.022939588812
"345",15.385,2017-08-06 10:00:00,0.45246,-12.665,573.08383,539.64626,86.981,12.8165,10.913,0.941653265631313,227.656807231601
"346",16.60833,2017-08-06 11:00:00,0.50676,-24.984,1358.73197,855.40125,78.517,12.869,10.9,0.629558491951875,406.194479370579
"347",15.55267,2017-08-06 12:00:00,0.45794,-11.05,815.93953,623.30828,85.68933,12.979,10.905,0.763914796480077,252.949420759473
"348",15.45,2017-08-06 15:00:00,0.22417,-1.45,209.82475,205.54488,89.36033,13.3,10.912,0.979602644587924,186.828266152994
"349",10.393,2017-08-07 10:00:00,0.4801,-6.382,481.26841,477.11334,95.80833,12.551,11.087,0.991366418585421,52.8607644560698
"350",10.46067,2017-08-07 11:00:00,0.56449,-8.174,340.13944,339.59695,93.675,12.515,11.083,0.998405095275044,80.125260007703
"351",10.46567,2017-08-07 12:00:00,0.47092,-6.754,299.90293,299.45354,91.59867,12.478,11.066,0.998501548484371,106.463792677866
"352",11.01967,2017-08-07 13:00:00,0.4392,-9.008,381.11096,380.56304,87.46967,12.4365,11.051,0.998562308467854,164.756534261378
"353",11.87233,2017-08-07 14:00:00,0.32622,-7.576,376.682,376.01381,84.40733,12.4065,11.029,0.998226116458976,216.933857656167
"354",12.665,2017-08-07 15:00:00,0.30969,-8.827,360.22762,359.57791,79.38467,12.3855,11.026,0.998196390382281,302.167787207655
"355",15.858,2017-08-13 13:00:00,0.7665,-10.917,494.71505,486.30604,85.875,14.19,11.623,0.98300231618181,254.596089335677
"356",16.89633,2017-08-13 15:00:00,0.6661,-11.194,743.92991,469.1253,78.72033,14.243,11.659,0.630604165384344,409.775329351799
"357",15.62667,2017-08-14 10:00:00,0.92673,-9.761,1070.06509,209.55942,62.44345,12.42,11.55,0.195838012059622,666.989240094066
"358",16.08867,2017-08-14 11:00:00,1.00497,-9.473,800.84263,241.62608,56.17367,12.489,11.514,0.301714807564627,801.675248297098
"359",16.85233,2017-08-14 12:00:00,1.05269,-14.608,1303.89948,201.43023,47.641,12.575,11.482,0.154482943731215,1005.44910586768
"360",17.44,2017-08-14 13:00:00,1.17809,-17.088,1482.36293,275.93939,42.96533,12.6575,11.459,0.186148334132991,1136.74497467784
"361",17.493,2017-08-14 14:00:00,0.98568,-12.613,1371.2588,250.71697,41.175,12.753,11.431,0.18283709099989,1176.35764794362
"362",17.25967,2017-08-14 15:00:00,0.93559,-7.019,911.2493,286.49918,43.92133,12.838,11.415,0.314402633834671,1105.02570312196
"363",16.11133,2017-08-15 10:00:00,0.44673,-11.466,1190.38685,245.25179,55.78966,11.6375,11.148,0.206026965099623,809.870004561165
"364",16.725,2017-08-15 11:00:00,0.466,-13.558,1132.06134,362.90597,51.8169,11.7255,11.106,0.320570941853734,917.811014104494
"365",16.62567,2017-08-20 10:00:00,1.06148,-19.082,1105.53959,378.30378,59.032,13.1375,11.578,0.342189265243771,775.465578508931
"366",16.73233,2017-08-20 11:00:00,1.13686,-14.386,792.00293,460.9172,57.573,13.1725,11.566,0.581964008643251,808.542809455675
"367",17.29133,2017-08-20 12:00:00,0.82168,-13.06,981.07147,548.9835,59.92167,13.23,11.557,0.559575440513014,791.322941544967
"368",17.46233,2017-08-20 13:00:00,0.77332,-15.207,817.90638,496.06799,61.22533,13.2925,11.532,0.60650950051276,773.899585357243
"369",18.21267,2017-08-20 14:00:00,0.8716,-11.22,852.18166,435.74027,55.30433,13.385,11.529,0.511323219511671,935.228179902732
"370",18.81867,2017-08-20 15:00:00,0.85254,-11.058,926.18678,362.96017,49.996,13.4575,11.515,0.39188658037205,1086.77152286038
"371",15.525,2017-08-21 10:00:00,0.54578,-16.02,872.39142,524.84239,71.70933,12.7665,11.458,0.601613424854637,499.167832830215
"372",16.06233,2017-08-21 11:00:00,0.40709,-13.972,923.20391,532.87943,67.93367,12.839,11.437,0.577206643329749,585.574823264603
"373",16.42367,2017-08-21 12:00:00,0.39445,-12.209,549.68888,541.59047,66.60633,12.951,11.426,0.98526728428634,624.024448870135
"374",16.626,2017-08-21 13:00:00,0.43555,-13.95,647.66759,632.70928,65.359,13.055,11.419,0.976904340697363,655.718281224571
"375",16.64667,2017-08-21 15:00:00,0.39889,-13.856,589.64963,527.88348,66.874,13.234,11.409,0.895249404294547,627.865154851788
"376",11.33267,2017-08-23 10:00:00,0.31515,-4.282,393.9414,393.38739,96.70633,12.2525,11.227,0.998593674084521,44.2163807090053
"377",11.73233,2017-08-23 11:00:00,0.35287,-4.026,298.04578,296.88332,93.249,12.2775,11.22,0.996099726692993,93.0592166728309
"378",11.85667,2017-08-23 12:00:00,0.3978,-4.037,276.64819,275.60197,91.73667,12.3075,11.206,0.996218229369222,114.845240806429
"379",11.975,2017-08-23 14:00:00,0.56832,-9.804,544.15994,542.17786,83.41448,12.3415,11.188,0.996357541497818,232.315358304612
"380",11.77133,2017-08-23 15:00:00,0.455,-4.989,245.60428,245.37154,82.787,12.368,11.186,0.999052378077451,237.884929327305
"381",10.99667,2017-08-24 10:00:00,0.66954,-7.407,458.99529,450.32519,80.595,11.421,10.965,0.981110699414802,254.759189932074
"382",11.463,2017-08-24 11:00:00,0.67989,-12.632,621.56458,498.1637,79.54967,11.4625,10.937,0.801467322993212,276.919668609529
"383",12.02367,2017-08-24 13:00:00,0.7876,-9.475,451.935,449.78695,75.62433,11.595,10.906,0.995246993483576,342.530437197003
"384",11.874,2017-08-24 14:00:00,0.55922,-3.576,250.9561,250.47139,78.25667,11.65,10.889,0.998068546650191,302.538592098019
"385",12.19133,2017-08-24 15:00:00,0.68183,-8.283,357.29669,356.71503,75.69967,11.689,10.875,0.998372053208777,345.264515411133
"386",10.80767,2017-08-25 10:00:00,0.58075,-13.088,716.28011,445.38293,70.90967,10.614,10.644,0.621799940808073,377.141611068971
"387",11.21433,2017-08-25 11:00:00,0.46588,-9.681,537.01384,356.44142,68.48,10.6805,10.616,0.663747176422865,419.836851502144
"388",11.68,2017-08-25 12:00:00,0.58882,-12.29,467.7515,433.28716,66.20567,10.759,10.585,0.926319124577901,464.229787963183
"389",12.724,2017-08-25 13:00:00,0.68267,-13.736,881.27044,631.07995,58.90167,10.8325,10.555,0.716102482683976,604.731046446367
"390",12.144,2017-08-25 14:00:00,0.58752,-14.974,785.97913,379.83103,67.001,10.94,10.534,0.483258416797912,467.398138823121
"391",11.75067,2017-08-25 15:00:00,0.67719,-4.18,297.00879,293.20978,65.87,11.0365,10.518,0.987209099097707,471.035749159807
"409",15.70267,2018-07-02 10:00:00,0.94844,-20.678,1312.73012,622.61487,43.70033,10.196,9.102,0.474290077232326,1004.73795354985
"410",13.57767,2018-07-02 12:00:00,0.95754,-5.99,386.42206,385.56739,56.327,10.4455,9.086,0.997788247389396,679.475360882578
"411",13.69467,2018-07-02 13:00:00,0.82318,-10.898,427.32019,426.60763,59.064,10.5115,9.078,0.998332491614777,641.760654939908
"412",14.12767,2018-07-02 14:00:00,0.94704,-10.585,469.79469,469.08605,58.77967,10.59,9.082,0.998491596403527,664.647062482317
"413",14.39333,2018-07-02 15:00:00,0.94173,-15.234,662.03856,661.40938,58.58633,10.62,9.053,0.999049632396035,679.352192148581
"414",14.81233,2018-08-06 10:00:00,1.13246,-18.49,1501.60016,463.65478,64.858,14.5325,13.644,0.308773795016111,592.284040145165
"415",14.96167,2018-08-06 11:00:00,1.1734,-16.203,977.31918,543.19534,63.96867,14.5615,13.604,0.555801370847956,613.144962794571
"416",15.75967,2018-08-06 12:00:00,1.39916,-19.421,1182.85061,713.91664,55.46167,14.6265,13.561,0.603556048383828,797.747441617586
"417",13.03933,2018-08-06 14:00:00,0.89042,-4.516,567.47229,485.97613,78.851,14.695,13.542,0.856387419375138,317.68342069
"418",17.81533,2018-08-07 10:00:00,0.81135,-17.032,1085.86275,318.54501,54.73533,13.8305,13.057,0.293356605151065,923.767208396187
"419",17.86133,2018-08-07 11:00:00,0.52369,-6.233,517.65526,339.46395,51.94033,13.9475,13.035,0.65577224116297,983.652451081313
"420",18.31867,2018-08-07 12:00:00,0.55665,-11.18,1063.59171,309.78023,51.57867,14.088,13.017,0.291258597718856,1019.94643824974
"421",19.14138,2018-08-07 13:00:00,0.53073,-12.536,1512.93285,327.72161,47.01033,14.195,12.984,0.216613453796049,1175.08605121383
"422",19.31333,2018-08-07 14:00:00,0.44579,-5.25,460.5584,321.06821,43.894,14.344,12.976,0.697128116651439,1257.58794694653
"423",20.06267,2018-08-07 15:00:00,0.56856,-6.522,877.57532,362.89884,41.94267,14.4635,12.952,0.413524436854036,1363.26537918793
"424",18.23733,2018-08-11 10:00:00,1.00455,-11.482,1192.91515,212.12144,51.99433,15.7825,13.68,0.177817709834601,1006.04375887016
"425",19.74833,2018-08-11 12:00:00,1.16224,-16.58,1332.62451,257.14299,45.67633,15.795,13.626,0.192959823318873,1250.99478769919
"426",20.02,2018-08-11 14:00:00,1.10372,-11.573,1148.86865,272.16811,45.78767,15.9315,13.588,0.236900980804028,1269.62260316605
"427",19.58897,2018-08-11 15:00:00,0.9848,-9.169,714.31653,408.33298,47.33267,15.9695,13.577,0.571641510241965,1200.91536207618
"428",14.51167,2018-08-13 10:00:00,1.11143,-12.29,949.37485,476.98158,60.35433,13.0775,12.71,0.502416490177721,655.345375158829
"429",15.10933,2018-08-13 11:00:00,1.0752,-14.435,1167.22082,401.56476,56.13667,13.1465,12.666,0.344034953043418,753.549713242466
"430",15.26,2018-08-13 12:00:00,0.98815,-12.851,681.38237,603.11119,52.61767,13.249,12.626,0.885128844763037,821.927143017224
"431",15.38967,2018-08-13 13:00:00,0.86268,-10.575,477.84752,474.55397,54.47367,13.363,12.612,0.993107529364179,796.335047526076
"432",15.35767,2018-08-13 15:00:00,0.89525,-9.682,485.84655,480.12659,55.46867,13.505,12.568,0.988226817706126,777.332405244397
"433",15.66533,2018-08-14 10:00:00,0.71288,-9.316,665.65427,444.77273,54.911,13.031,12.338,0.668173780361989,802.74787958915
"434",15.895,2018-08-14 11:00:00,0.45865,-7.388,514.45938,426.6556,53.15,13.1325,12.323,0.829328060847097,846.447921743017
"435",16.80633,2018-08-14 13:00:00,0.66747,-11.048,606.46974,537.75351,52.02233,13.349,12.281,0.886694709615685,918.629068512633
"436",17.145,2018-08-14 14:00:00,0.64834,-8.245,557.31394,495.1607,49.41733,13.461,12.261,0.888477148086409,989.522060138656
"437",20.94833,2018-08-18 15:00:00,0.98785,-7.413,1007.40953,288.75677,41.96933,14.986,12.485,0.286632954524462,1439.12280171183
"438",16.925,2018-08-19 10:00:00,0.82541,-14.492,891.25066,294.40307,69.03033,14.085,12.51,0.330325780628314,597.457628195907
"439",17.64759,2018-08-19 11:00:00,0.86457,-7.842,749.83623,317.70379,58.434,14.1615,12.486,0.423697571935141,839.3658612487
"440",18.30167,2018-08-19 12:00:00,0.85953,-5.859,902.90123,285.91758,49.436,14.25,12.479,0.31666540093206,1063.94452109658
"441",19.17267,2018-08-19 13:00:00,0.90756,-7.926,1212.70946,345.71016,44.94567,14.2885,12.475,0.28507253501593,1223.25409750946
"442",18.96933,2018-08-19 14:00:00,0.86753,-8.195,657.09711,391.94095,45.89733,14.339,12.46,0.596473404060474,1186.96414621194
"443",19.179,2018-08-19 15:00:00,1.0096,-5.889,716.02055,228.04011,45.746,14.397,12.457,0.318482632935605,1205.94702933942
"444",17.517,2018-08-20 12:00:00,0.41235,-6.1,494.02842,487.48903,54.84552,13.053,12.158,0.98676312994301,904.349295738122
"445",17.07367,2018-08-20 13:00:00,0.44497,-10.202,737.11164,668.49585,51.12633,13.2335,12.151,0.906912621811263,951.781410303723
"446",14.81333,2018-08-20 14:00:00,0.60738,-0.554,142.73401,136.01101,71.68333,13.35,12.13,0.952898401719394,477.280550655143
"447",13.75367,2018-08-22 10:00:00,0.9355,-11.559,961.92304,237.18808,50.464,11.1665,11.553,0.246576981875806,779.569932308412
"448",15.43033,2018-08-22 12:00:00,0.8618,-16.664,1448.7749,332.44583,45.305,11.385,11.465,0.229466861967308,959.210643940385
"449",15.84033,2018-08-22 13:00:00,0.78352,-10.319,1047.48274,357.82733,42.676,11.5435,11.425,0.341606898458298,1032.06966196462
"450",16.228,2018-08-22 14:00:00,0.73233,-7.605,726.6286,301.85336,40.40833,11.7525,11.407,0.415416293826034,1099.78829205493
"451",16.173,2018-08-22 15:00:00,0.55469,-4.835,457.8446,278.58951,41.26967,11.925,11.403,0.608480497531258,1080.0968460198
"452",16.261,2018-08-25 10:00:00,0.72471,-10.55,1004.64113,352.7754,60.48467,14.294,12.221,0.351145687216688,730.807169137559
"453",16.63933,2018-08-25 11:00:00,0.7484,-10.538,787.90424,513.68562,57.11233,14.279,12.224,0.651964533151897,812.507270250802
"454",17.428,2018-08-25 12:00:00,0.98456,-15.407,1129.6422,558.65295,50.09767,14.274,12.211,0.494539731252958,993.838445315291
"455",16.42533,2018-08-25 14:00:00,0.68276,-7.814,414.0192,412.92292,51.54967,14.316,12.225,0.997352103477327,905.482555550048
"456",16.37433,2018-08-25 15:00:00,0.83078,-4.341,338.99632,338.91092,51.485,14.304,12.238,0.999748079861162,903.75165969252
"457",15.21069,2018-08-26 13:00:00,0.75053,-7.11,583.18386,570.17118,67.969,12.8165,11.958,0.977686831045016,553.874357549148
"458",15.156,2018-08-26 15:00:00,0.75509,-8.622,406.37012,401.79174,66.89767,13.075,11.918,0.988733472825217,570.390657788289
"459",13.99533,2018-08-27 10:00:00,0.71793,-10.794,647.65017,335.26093,65.2031,12.174,11.786,0.517657441516614,556.278465543078
"460",14.947,2018-08-27 11:00:00,0.5947,-10.31,1079.88645,370.17341,58.67133,12.2635,11.758,0.342789197882796,702.62561212865
"461",15.20567,2018-08-27 12:00:00,0.7998,-16.049,895.69793,455.23706,56.00933,12.3505,11.712,0.508248422545757,760.433445228558
"462",13.50767,2018-08-27 13:00:00,0.33697,-6.814,392.49665,381.07766,68.33552,12.5165,11.711,0.970906783535605,490.402897559984
"463",14.82233,2018-08-27 14:00:00,0.4811,-13.683,618.92962,564.19176,66.184,12.614,11.711,0.911560445273245,570.303185830103
"464",15.66167,2018-08-27 15:00:00,0.67743,-11.081,581.45038,525.59085,55.76333,12.6875,11.674,0.903930701704933,787.388726879918
"465",15.279,2018-08-28 12:00:00,0.43745,-11.534,758.21484,717.39168,66.77067,11.73,11.426,0.946158848592307,577.123294984503
"466",15.47033,2018-08-28 13:00:00,0.38682,-8.386,529.13811,509.25194,66.542,11.965,11.404,0.962417808084169,588.275504065183
"467",16.229,2018-08-28 14:00:00,0.55478,-11.58,585.92908,567.1465,66.82133,12.1865,11.383,0.967943936150088,612.364771690604
"468",16.55897,2018-08-28 15:00:00,0.34051,-4.458,294.95122,294.13916,62.241,12.384,11.374,0.997246798979167,711.699436027975
